City_ID,City,Lat,Lng,Max Temp,Humidity,Cloudiness,Wind Speed,Country,Date
0,Lebu,-37.6167,-73.65,59.59,77,0,12.62,CL,2021-04-25 19:38:43
1,Pevek,69.7008,170.3133,20.07,93,100,11.68,RU,2021-04-25 19:38:43
2,Puerto Ayora,-0.7393,-90.3518,82.4,65,20,19.57,EC,2021-04-25 19:38:43
3,Nuuk,64.1835,-51.7216,42.8,70,75,6.91,GL,2021-04-25 19:38:43
4,New Norfolk,-42.7826,147.0587,55.99,80,96,3.0,AU,2021-04-25 19:38:31
5,Burgeo,47.6167,-57.6152,43.77,73,7,8.12,CA,2021-04-25 19:38:45
6,Vila Velha,-20.3297,-40.2925,82.99,74,20,12.66,BR,2021-04-25 19:38:46
7,Avarua,-21.2078,-159.775,80.6,83,40,11.5,CK,2021-04-25 19:38:47
8,Bluff,-46.6,168.3333,44.01,82,71,10.0,NZ,2021-04-25 19:38:47
9,Carnarvon,-24.8667,113.6333,62.6,77,0,5.75,AU,2021-04-25 19:38:47
10,Upernavik,72.7868,-56.1549,36.27,83,4,4.05,GL,2021-04-25 19:38:48
11,Hasaki,35.7333,140.8333,46.4,42,20,13.8,JP,2021-04-25 19:38:33
12,Ushuaia,-54.8,-68.3,55.4,54,40,10.36,AR,2021-04-25 19:38:27
13,Faya,18.3851,42.4509,62.6,63,75,5.75,SA,2021-04-25 19:38:48
14,Zhigansk,66.7697,123.3711,32.5,99,100,8.39,RU,2021-04-25 19:37:54
15,Olafsvik,64.8945,-23.7142,43.77,84,12,8.7,IS,2021-04-25 19:37:45
16,Slovenske Konjice,46.3367,15.4258,55.0,50,40,6.91,SI,2021-04-25 19:38:51
17,Akdepe,42.0551,59.3788,66.2,24,0,13.8,TM,2021-04-25 19:38:52
18,Bantry,51.6833,-9.45,60.8,44,0,9.22,IE,2021-04-25 19:38:52
19,Hilo,19.7297,-155.09,75.2,69,90,4.61,US,2021-04-25 19:30:00
20,Saint George,37.1041,-113.5841,81.0,12,1,29.93,US,2021-04-25 19:34:42
21,Goiatuba,-18.0125,-49.3547,81.68,41,54,2.8,BR,2021-04-25 19:38:53
22,Santo Antonio Do Ica,-3.1022,-67.9397,78.66,95,98,2.73,BR,2021-04-25 19:38:53
23,Xichang,27.8964,102.2634,58.5,68,88,4.16,CN,2021-04-25 19:38:53
24,Thompson,55.7435,-97.8558,37.4,38,75,11.5,CA,2021-04-25 19:36:16
25,Mataura,-46.1927,168.8643,44.01,82,72,10.0,NZ,2021-04-25 19:38:15
26,Port Alfred,-33.5906,26.891,70.36,65,100,13.11,ZA,2021-04-25 19:38:55
27,Guiglo,6.5456,-7.4966,76.19,83,100,2.8,CI,2021-04-25 19:38:56
28,Hithadhoo,-0.6,73.0833,82.56,68,99,4.52,MV,2021-04-25 19:38:56
29,Tallahassee,30.4383,-84.2807,80.01,41,1,8.05,US,2021-04-25 19:37:25
30,Tura,25.5198,90.2201,76.93,29,2,3.89,IN,2021-04-25 19:38:57
31,Rockport,28.0206,-97.0544,82.4,61,1,13.8,US,2021-04-25 19:38:57
32,Nishihara,26.1842,127.7558,66.2,88,20,4.61,JP,2021-04-25 19:38:57
33,Ponta Delgada,37.7333,-25.6667,60.8,72,40,13.8,PT,2021-04-25 19:38:58
34,Kodiak,57.79,-152.4072,39.2,93,90,12.66,US,2021-04-25 19:38:59
35,Dikson,73.5069,80.5464,16.52,91,100,11.3,RU,2021-04-25 19:35:59
36,Hambantota,6.1241,81.1185,78.8,100,75,6.06,LK,2021-04-25 19:38:59
37,Machilipatnam,16.1667,81.1333,81.77,75,3,9.44,IN,2021-04-25 19:39:00
38,Anzhero-Sudzhensk,56.081,86.0285,33.8,69,0,4.47,RU,2021-04-25 19:39:00
39,Barrow,71.2906,-156.7887,14.0,92,1,20.71,US,2021-04-25 19:36:01
40,Rikitea,-23.1203,-134.9692,77.86,74,100,8.1,PF,2021-04-25 19:39:00
41,Albany,42.6001,-73.9662,57.2,71,90,6.91,US,2021-04-25 19:39:01
42,Qaanaaq,77.484,-69.3632,31.48,74,27,4.07,GL,2021-04-25 19:38:52
43,Hermanus,-34.4187,19.2345,60.01,88,100,1.21,ZA,2021-04-25 19:35:56
44,Casa Grande,32.8795,-111.7573,91.99,10,1,3.44,US,2021-04-25 19:35:24
45,Avanigadda,16.0215,80.9181,80.98,74,2,7.36,IN,2021-04-25 19:39:03
46,Tapes,-30.6733,-51.3958,67.17,72,100,9.28,BR,2021-04-25 19:39:03
47,Constitucion,-35.3333,-72.4167,64.71,62,4,15.12,CL,2021-04-25 19:39:04
48,Yellowknife,62.456,-114.3525,6.8,61,90,9.22,CA,2021-04-25 19:37:41
49,Grindavik,63.8424,-22.4338,46.4,81,40,17.27,IS,2021-04-25 19:39:04
50,Port Elizabeth,-33.918,25.5701,59.0,82,100,2.3,ZA,2021-04-25 19:39:05
51,Albury,-36.0833,146.9167,41.0,100,2,3.09,AU,2021-04-25 19:39:06
52,Maues,-3.3836,-57.7186,82.29,86,94,1.68,BR,2021-04-25 19:39:07
53,Soweto,-26.2678,27.8585,62.01,29,0,1.34,ZA,2021-04-25 19:39:07
54,Pisco,-13.7,-76.2167,72.0,83,40,10.36,PE,2021-04-25 19:39:08
55,Hobart,-42.8794,147.3294,57.2,58,90,14.97,AU,2021-04-25 19:38:52
56,Kidal,18.4411,1.4078,94.44,5,0,6.6,ML,2021-04-25 19:39:08
57,Kapaa,22.0752,-159.319,78.8,65,40,14.97,US,2021-04-25 19:39:00
58,Neiafu,-18.65,-173.9833,75.2,94,40,5.41,TO,2021-04-25 19:39:08
59,Honningsvag,70.9821,25.9704,33.8,86,75,5.75,NO,2021-04-25 19:39:09
60,Shubarshi,48.5872,57.1869,52.0,81,100,5.28,KZ,2021-04-25 19:39:10
61,Camopi,3.1655,-52.3158,75.88,96,100,4.54,GF,2021-04-25 19:39:10
62,Kuusamo,65.9667,29.1833,32.0,93,90,10.36,FI,2021-04-25 19:39:11
63,Seoul,37.5683,126.9778,55.4,62,0,6.91,KR,2021-04-25 19:39:11
64,Fortuna,40.5982,-124.1573,55.99,81,90,9.22,US,2021-04-25 19:39:12
65,Salalah,17.0151,54.0924,84.2,70,40,8.05,OM,2021-04-25 19:36:49
66,Lapua,62.9693,23.0088,33.01,95,100,3.0,FI,2021-04-25 19:39:12
67,Santiago De Cuba,20.0247,-75.8219,86.0,62,20,9.22,CU,2021-04-25 19:38:25
68,Almeria,37.1667,-2.3333,66.2,68,75,10.36,ES,2021-04-25 19:39:13
69,Shieli,44.1667,66.75,59.61,37,100,9.31,KZ,2021-04-25 19:39:14
70,Iqaluit,63.7506,-68.5145,33.8,80,90,3.44,CA,2021-04-25 19:39:14
71,Arman,59.7,150.1667,12.56,77,32,7.76,RU,2021-04-25 19:38:29
72,Longyearbyen,78.2186,15.6401,21.2,58,40,12.66,SJ,2021-04-25 19:39:14
73,Coihaique,-45.5752,-72.0662,59.0,51,20,6.91,CL,2021-04-25 19:39:14
74,Atuona,-9.8,-139.0333,79.92,72,50,15.3,PF,2021-04-25 19:36:10
75,Richards Bay,-28.783,32.0377,66.4,88,15,3.31,ZA,2021-04-25 19:34:39
76,Fagernes,60.9858,9.2324,21.6,90,53,2.17,NO,2021-04-25 19:39:15
77,Busselton,-33.65,115.3333,52.0,96,100,4.36,AU,2021-04-25 19:39:15
78,Leningradskiy,69.3833,178.4167,21.16,86,100,2.35,RU,2021-04-25 19:39:16
79,Dryden,49.7833,-92.7503,44.6,24,90,8.05,CA,2021-04-25 19:39:17
80,Khanpur,28.6453,70.6567,88.29,11,0,8.16,PK,2021-04-25 19:39:17
81,Pizarro,4.9533,-77.366,83.07,76,80,7.36,CO,2021-04-25 19:39:18
82,Adre,13.4667,22.2,82.17,32,77,3.8,TD,2021-04-25 19:39:18
83,Saint-Philippe,-21.3585,55.7679,78.8,69,75,21.85,RE,2021-04-25 19:36:21
84,Alofi,-19.0595,-169.9187,77.0,94,67,1.14,NU,2021-04-25 19:39:19
85,Faanui,-16.4833,-151.75,80.94,64,4,2.91,PF,2021-04-25 19:39:20
86,Severo-Kurilsk,50.6789,156.125,31.8,97,100,11.05,RU,2021-04-25 19:36:10
87,Padang,-0.9492,100.3543,77.59,85,92,3.36,ID,2021-04-25 19:39:20
88,Fort Frances,48.5999,-93.4003,50.0,20,1,8.05,CA,2021-04-25 19:39:20
89,Punta Arenas,-53.15,-70.9167,57.2,62,75,18.41,CL,2021-04-25 19:35:13
90,Matara,5.9485,80.5353,77.36,88,24,2.75,LK,2021-04-25 19:37:34
91,Uvalde,29.3669,-99.767,89.01,30,1,10.36,US,2021-04-25 19:39:21
92,Butaritari,3.0707,172.7902,82.36,76,19,12.17,KI,2021-04-25 19:39:21
93,Dudinka,69.4058,86.1778,-4.76,100,100,2.13,RU,2021-04-25 19:38:14
94,Bengkulu,-3.8004,102.2655,75.76,89,57,4.59,ID,2021-04-25 19:35:20
95,Castro,-24.7911,-50.0119,64.26,85,100,4.74,BR,2021-04-25 19:39:22
96,Yerbogachen,61.2767,108.0108,31.84,90,100,6.58,RU,2021-04-25 19:39:22
97,Marrakesh,31.6315,-8.0083,69.8,46,75,12.66,MA,2021-04-25 19:39:22
98,Geraldton,-28.7667,114.6,66.2,52,0,12.66,AU,2021-04-25 19:36:50
99,Price,39.5994,-110.8107,68.0,18,1,18.41,US,2021-04-25 19:37:40
100,Bandarbeyla,9.4942,50.8122,83.01,72,64,8.39,SO,2021-04-25 19:39:22
101,Lavrentiya,65.5833,-171.0,28.38,83,97,1.48,RU,2021-04-25 19:39:23
102,Khatanga,71.9667,102.5,4.59,88,78,14.72,RU,2021-04-25 19:38:55
103,Hami,42.8,93.45,41.02,20,90,6.11,CN,2021-04-25 19:39:24
104,Jamestown,42.097,-79.2353,46.0,81,90,11.5,US,2021-04-25 19:38:16
105,Shumikha,55.2261,63.2961,46.38,56,92,10.47,RU,2021-04-25 19:39:25
106,Nemuro,43.3236,145.575,32.0,67,11,17.81,JP,2021-04-25 19:36:37
107,Moose Factory,51.2585,-80.6094,30.2,51,40,20.71,CA,2021-04-25 19:39:26
108,Northam,51.0333,-4.2167,53.01,67,5,8.99,GB,2021-04-25 19:39:26
109,Saskylakh,71.9167,114.0833,16.18,95,100,14.07,RU,2021-04-25 19:36:30
110,San Patricio,28.017,-97.5169,87.8,45,1,13.8,US,2021-04-25 19:39:26
111,Xiuyan,40.2928,123.2744,51.01,35,100,1.23,CN,2021-04-25 19:39:27
112,Vostok,46.4856,135.8833,22.48,61,9,4.81,RU,2021-04-25 19:39:27
113,Eureka,40.8021,-124.1637,53.01,77,100,3.0,US,2021-04-25 19:34:55
114,Abapo,-18.8333,-63.4667,73.76,42,100,2.15,BO,2021-04-25 19:39:28
115,Lorengau,-2.0226,147.2712,79.23,83,53,6.35,PG,2021-04-25 19:39:29
116,Vaini,-21.2,-175.2,73.4,100,75,5.75,TO,2021-04-25 19:35:55
117,Hornepayne,49.2138,-84.7705,37.38,41,94,7.96,CA,2021-04-25 19:39:30
118,Souillac,-20.5167,57.5167,75.2,94,75,11.5,MU,2021-04-25 19:39:30
119,Haljala,59.4336,26.2614,34.79,97,100,10.74,EE,2021-04-25 19:39:31
120,Karasjok,69.4719,25.5112,33.8,64,75,2.75,NO,2021-04-25 19:39:31
121,Cape Town,-33.9258,18.4232,63.0,94,20,10.36,ZA,2021-04-25 19:38:34
122,Takoradi,4.8845,-1.7554,81.34,82,79,6.93,GH,2021-04-25 19:39:32
123,Kapuskasing,49.4169,-82.4331,32.0,50,100,16.11,CA,2021-04-25 19:39:32
124,Novoukrayinka,48.3264,31.5285,44.33,81,55,10.25,UA,2021-04-25 19:39:32
125,Rawson,-43.3002,-65.1023,67.91,40,74,20.76,AR,2021-04-25 19:39:33
126,Ambon,-3.6954,128.1814,81.37,68,61,6.44,ID,2021-04-25 19:36:37
127,Kongsberg,59.6652,9.6465,39.99,42,40,4.0,NO,2021-04-25 19:39:34
128,Santa Helena De Goias,-17.8136,-50.5969,84.47,29,58,2.15,BR,2021-04-25 19:39:35
129,Pangnirtung,66.1451,-65.7125,32.0,93,90,8.05,CA,2021-04-25 19:37:30
130,Cherskiy,68.75,161.3,7.2,93,96,4.54,RU,2021-04-25 19:39:37
131,Portland,45.5234,-122.6762,57.99,62,75,3.44,US,2021-04-25 19:38:06
132,Chokurdakh,70.6333,147.9167,19.27,94,100,14.25,RU,2021-04-25 19:39:38
133,Tateyama,34.9833,139.8667,53.6,50,75,17.27,JP,2021-04-25 19:39:38
134,Puerto Escondido,15.85,-97.0667,87.8,74,20,6.91,MX,2021-04-25 19:39:39
135,Liepaja,56.5419,21.0367,37.4,75,90,10.36,LV,2021-04-25 19:39:39
136,Krasnoborsk,61.5598,45.934,40.42,92,100,6.44,RU,2021-04-25 19:39:39
137,Broken Hill,-31.95,141.4333,50.0,71,0,6.6,AU,2021-04-25 19:39:40
138,Georgetown,5.4112,100.3354,81.0,89,20,3.44,MY,2021-04-25 19:36:57
139,Cabedelo,-6.9811,-34.8339,84.2,79,20,12.66,BR,2021-04-25 19:39:41
140,Suez,29.9737,32.5263,74.64,29,0,13.42,EG,2021-04-25 19:39:42
141,Yulara,-25.2406,130.9889,57.2,47,0,10.36,AU,2021-04-25 19:39:43
142,Palivere,58.9664,23.8911,39.0,89,100,8.01,EE,2021-04-25 19:39:43
143,Ponta Do Sol,32.6667,-17.1,60.01,86,51,7.0,PT,2021-04-25 19:39:44
144,Tiksi,71.6872,128.8694,22.96,96,100,1.72,RU,2021-04-25 19:39:35
145,Beloha,-25.1667,45.05,72.88,79,0,6.71,MG,2021-04-25 19:39:44
146,Edgewater,28.9889,-80.9023,87.01,54,40,11.5,US,2021-04-25 19:39:45
147,Sept-Iles,50.2001,-66.3821,44.6,53,20,9.22,CA,2021-04-25 19:39:45
148,Paracatu,-17.2222,-46.8747,83.48,44,7,1.25,BR,2021-04-25 19:39:45
149,La Ronge,55.1001,-105.2842,39.2,44,100,12.66,CA,2021-04-25 19:36:25
150,Anadyr,64.75,177.4833,23.0,100,90,2.24,RU,2021-04-25 19:38:43
151,Mount Gambier,-37.8333,140.7667,51.8,93,90,4.61,AU,2021-04-25 19:39:46
152,Ongandjera,-17.8833,15.0667,75.99,25,0,5.84,NA,2021-04-25 19:39:47
153,Ambilobe,-13.2,49.05,72.18,81,75,3.6,MG,2021-04-25 19:39:47
154,Marsabit,2.3284,37.9899,69.04,67,100,5.14,KE,2021-04-25 19:39:48
155,Kavieng,-2.5744,150.7967,81.39,76,100,3.09,PG,2021-04-25 19:39:49
156,Berlevag,70.8578,29.0864,30.2,69,75,8.05,NO,2021-04-25 19:39:49
157,Victoria,22.2855,114.1577,72.0,90,100,1.01,HK,2021-04-25 19:37:59
158,Bredasdorp,-34.5322,20.0403,55.4,88,100,2.3,ZA,2021-04-25 19:39:50
159,Hamilton,39.1834,-84.5333,64.0,42,40,10.36,US,2021-04-25 19:39:29
160,Basco,20.4487,121.9702,75.85,74,84,19.73,PH,2021-04-25 19:39:50
161,Henties Bay,-22.116,14.2845,63.0,90,24,1.01,NA,2021-04-25 19:39:50
162,Chapeco,-27.0964,-52.6183,64.4,82,75,4.5,BR,2021-04-25 19:39:51
163,Bella Union,-30.2752,-57.6007,67.95,40,0,10.98,UY,2021-04-25 19:39:51
164,San Quintin,30.4833,-115.95,64.24,64,24,17.49,MX,2021-04-25 19:39:52
165,Petropavlovsk-Kamchatskiy,53.0452,158.6483,33.8,100,75,4.47,RU,2021-04-25 19:38:34
166,Tilichiki,60.4667,166.1,27.79,92,98,4.61,RU,2021-04-25 19:39:52
167,Cidreira,-30.1811,-50.2056,70.0,69,83,14.12,BR,2021-04-25 19:39:53
168,Xining,36.6167,101.7667,40.66,70,0,4.07,CN,2021-04-25 19:39:54
169,Betsiamites,48.9413,-68.646,46.4,57,90,9.22,CA,2021-04-25 19:39:54
170,Ribeira Grande,38.5167,-28.7,66.2,68,20,4.61,PT,2021-04-25 19:39:55
171,Mar Del Plata,-38.0023,-57.5575,64.4,68,40,13.8,AR,2021-04-25 19:36:21
172,Kaitangata,-46.2817,169.8464,37.0,77,84,1.99,NZ,2021-04-25 19:39:56
173,Isangel,-19.55,169.2667,76.28,87,100,11.41,VU,2021-04-25 19:39:56
174,Daitari,21.1,85.75,76.46,53,32,1.41,IN,2021-04-25 19:39:57
175,Fairbanks,64.8378,-147.7164,53.01,37,1,0.69,US,2021-04-25 19:35:13
176,Newport,51.5877,-2.9984,52.0,57,19,16.11,GB,2021-04-25 19:39:57
177,Sfantu Gheorghe,45.8667,25.7833,48.0,66,6,4.0,RO,2021-04-25 19:39:58
178,Bambous Virieux,-20.3428,57.7575,78.01,94,75,11.5,MU,2021-04-25 19:36:10
179,Clyde River,70.4692,-68.5914,19.4,100,75,29.93,CA,2021-04-25 19:39:59
180,Harper,4.375,-7.7169,80.1,81,100,8.97,LR,2021-04-25 19:40:00
181,Marystown,47.1666,-55.1483,46.04,61,8,13.85,CA,2021-04-25 19:40:00
182,Marzuq,14.4,46.4667,70.32,76,82,7.67,YE,2021-04-25 19:40:01
183,Siocon,7.7061,122.1353,78.39,84,67,1.77,PH,2021-04-25 19:40:03
184,Premia De Mar,41.4921,2.3652,63.0,58,100,13.0,ES,2021-04-25 19:40:03
185,North Platte,41.1239,-100.7654,77.0,33,1,8.05,US,2021-04-25 19:39:40
186,Aswan,24.0934,32.907,89.37,9,0,7.94,EG,2021-04-25 19:40:04
187,Sioux Lookout,50.1001,-91.917,46.4,27,75,9.22,CA,2021-04-25 19:40:04
188,Viedma,-40.8135,-62.9967,66.9,37,6,6.13,AR,2021-04-25 19:40:05
189,Bose,45.4612,8.0137,66.2,45,20,3.44,IT,2021-04-25 19:36:39
190,Taoudenni,22.6783,-3.9836,96.84,9,6,8.48,ML,2021-04-25 19:35:49
191,Zhangye,38.9342,100.4517,42.46,19,66,9.4,CN,2021-04-25 19:40:06
192,Cabo San Lucas,22.8909,-109.9124,84.99,31,40,6.73,MX,2021-04-25 19:40:07
193,Bethel,41.3712,-73.414,55.4,67,90,9.22,US,2021-04-25 19:40:07
194,Makakilo City,21.3469,-158.0858,80.6,54,1,8.05,US,2021-04-25 19:38:54
195,Codrington,-38.2667,141.9667,53.62,84,100,4.92,AU,2021-04-25 19:40:08
196,East London,-33.0153,27.9116,68.0,83,0,8.05,ZA,2021-04-25 19:39:42
197,Atasu,48.6814,71.6433,46.47,68,66,4.92,KZ,2021-04-25 19:40:08
198,Vanavara,60.34,102.2797,28.22,98,61,5.82,RU,2021-04-25 19:40:09
199,Airai,-8.9266,125.4092,54.97,83,23,1.63,TL,2021-04-25 19:40:09
200,Luderitz,-26.6481,15.1594,62.31,90,97,3.78,NA,2021-04-25 19:40:09
201,Seabra,-12.4186,-41.7703,86.0,51,0,2.3,BR,2021-04-25 19:40:10
202,Cranbrook,49.4999,-115.7688,37.4,93,90,4.61,CA,2021-04-25 19:40:10
203,Labuhan,-6.8844,112.2051,77.11,86,84,7.25,ID,2021-04-25 19:40:11
204,Atar,20.5169,-13.0499,86.05,14,0,8.93,MR,2021-04-25 19:40:12
205,Niquero,20.0431,-77.5828,83.93,67,86,9.98,CU,2021-04-25 19:40:12
206,Tessalit,20.1986,1.0114,92.59,6,0,7.34,ML,2021-04-25 19:40:13
207,Baykit,61.67,96.37,28.26,88,63,6.24,RU,2021-04-25 19:40:13
208,Pangai,-19.8,-174.35,78.8,83,75,5.75,TO,2021-04-25 19:40:14
209,Ulma,48.3984,9.9916,48.2,43,20,9.22,DE,2021-04-25 19:40:15
210,Cascais,38.6979,-9.4215,64.0,88,20,9.22,PT,2021-04-25 19:40:15
211,Sao Joao Da Barra,-21.6403,-41.0511,82.4,61,20,11.5,BR,2021-04-25 19:40:16
212,Mingguang,32.7802,117.9638,59.18,98,100,1.95,CN,2021-04-25 19:40:16
213,Moryakovskiy Zaton,56.6956,84.6467,34.0,69,0,4.47,RU,2021-04-25 19:40:16
214,Breytovo,58.2993,37.8617,33.37,97,100,16.49,RU,2021-04-25 19:40:17
215,Bathsheba,13.2167,-59.5167,84.2,51,20,19.57,BB,2021-04-25 19:36:29
216,Ilulissat,69.2167,-51.1,51.8,40,95,12.66,GL,2021-04-25 19:40:17
217,Alamosa,37.4695,-105.87,69.8,11,1,20.71,US,2021-04-25 19:40:18
218,Hirado,33.3597,129.5531,55.0,28,5,8.01,JP,2021-04-25 19:40:18
219,Batagay,67.6333,134.6333,24.87,95,99,4.54,RU,2021-04-25 19:40:19
220,Hede,33.7681,120.2517,51.73,85,16,4.07,CN,2021-04-25 19:40:20
221,Ofaqim,31.3141,34.6203,73.0,54,0,8.37,IL,2021-04-25 19:40:20
222,Beringovskiy,63.05,179.3167,31.12,86,100,1.99,RU,2021-04-25 19:40:21
223,Asau,46.4333,26.4,45.0,43,24,5.99,RO,2021-04-25 19:40:21
224,Kruisfontein,-34.0033,24.7314,72.75,38,100,5.53,ZA,2021-04-25 19:40:22
225,Bratsk,56.1325,101.6142,30.2,69,15,6.71,RU,2021-04-25 19:40:23
226,Rawicz,51.6095,16.8585,39.0,65,23,7.96,PL,2021-04-25 19:40:23
227,Mahon,39.8885,4.2658,60.8,77,0,13.8,ES,2021-04-25 19:40:23
228,Sefton,-43.25,172.6667,48.99,100,98,2.3,NZ,2021-04-25 19:40:24
229,Torbay,47.6666,-52.7314,53.6,35,20,23.02,CA,2021-04-25 19:40:24
230,Laguna,38.421,-121.4238,64.0,51,90,8.05,US,2021-04-25 19:40:24
231,Hurghada,27.2574,33.8129,78.8,38,0,8.05,EG,2021-04-25 19:36:16
232,Gamba,-2.65,10.0,78.69,87,86,4.45,GA,2021-04-25 19:40:26
233,Santa Maria,-29.6842,-53.8069,71.6,56,75,5.75,BR,2021-04-25 19:36:28
234,Jumilla,38.4792,-1.325,54.0,84,85,13.0,ES,2021-04-25 19:40:27
235,Umm Lajj,25.0213,37.2685,82.62,47,0,2.21,SA,2021-04-25 19:40:27
236,Itarema,-2.9248,-39.9167,81.03,74,16,11.41,BR,2021-04-25 19:40:28
237,Okha,53.5739,142.9478,19.99,86,5,5.1,RU,2021-04-25 19:40:28
238,Serebryansk,49.6925,83.2892,30.2,55,20,4.47,KZ,2021-04-25 19:40:29
239,Fort Nelson,58.8053,-122.7002,51.8,22,40,11.5,CA,2021-04-25 19:40:29
240,Bumba,2.1833,22.4667,70.43,98,100,4.14,CD,2021-04-25 19:40:29
241,Aguimes,27.9054,-15.4461,70.0,68,40,9.22,ES,2021-04-25 19:40:30
242,Abu Kamal,34.4506,40.9171,84.09,16,34,13.18,SY,2021-04-25 19:40:30
243,Along,28.1667,94.7667,65.37,58,4,2.08,IN,2021-04-25 19:37:14
244,Port Hardy,50.6996,-127.4199,50.0,87,90,6.91,CA,2021-04-25 19:40:30
245,Nanortalik,60.1432,-45.2371,41.86,75,100,12.8,GL,2021-04-25 19:40:31
246,Ulaanbaatar,47.9077,106.8832,32.0,80,75,8.95,MN,2021-04-25 19:37:07
247,Husavik,66.0449,-17.3389,39.2,93,90,14.97,IS,2021-04-25 19:40:32
248,Port Lincoln,-34.7333,135.8667,59.31,80,7,7.45,AU,2021-04-25 19:40:32
249,Chakia,26.4167,85.05,80.35,10,53,7.07,IN,2021-04-25 19:40:33
250,Koping,59.514,15.9926,35.01,86,40,3.44,SE,2021-04-25 19:40:33
251,Cozumel,20.5083,-86.9458,89.6,51,40,6.91,MX,2021-04-25 19:40:34
252,Gorokhovets,56.1947,42.7003,41.0,60,90,20.13,RU,2021-04-25 19:40:34
253,Whitehorse,60.7161,-135.0538,53.01,27,1,2.3,CA,2021-04-25 19:40:35
254,Dongying,37.4564,118.4856,53.6,44,98,1.12,CN,2021-04-25 19:40:35
255,Rassvet,46.8333,40.75,45.79,63,100,6.2,RU,2021-04-25 19:40:35
256,Moskhaton,37.95,23.6667,57.2,54,0,7.47,GR,2021-04-25 19:40:36
257,Nouadhibou,20.931,-17.0347,68.0,77,0,16.11,MR,2021-04-25 19:40:28
258,Poum,-20.2333,164.0167,76.82,78,98,18.3,NC,2021-04-25 19:36:55
259,Sinonoc,8.3096,123.8461,76.98,81,97,2.33,PH,2021-04-25 19:40:38
260,Nikolskoye,59.7035,30.7861,39.0,93,90,8.95,RU,2021-04-25 19:40:38
261,Oriximina,-1.7656,-55.8661,83.57,79,85,3.29,BR,2021-04-25 19:40:38
262,Mutis,6.2262,-77.4044,82.47,81,96,8.61,CO,2021-04-25 19:40:39
263,Maumere,-8.6199,122.2111,79.72,72,98,8.05,ID,2021-04-25 19:40:39
264,Baringo,0.4667,35.9667,72.73,70,100,2.91,KE,2021-04-25 19:40:40
265,San Jeronimo,-11.9472,-75.2829,64.22,46,46,5.7,PE,2021-04-25 19:40:41
266,Dalvik,65.9702,-18.5286,39.2,93,90,14.97,IS,2021-04-25 19:40:41
267,Maarianhamina,60.0973,19.9348,35.6,75,75,12.66,AX,2021-04-25 19:40:41
268,Bakchar,57.0186,82.0711,32.34,96,100,2.91,RU,2021-04-25 19:40:42
269,Provideniya,64.3833,-173.3,33.8,75,0,2.39,RU,2021-04-25 19:40:42
270,Lompoc,34.6391,-120.4579,59.0,67,100,8.05,US,2021-04-25 19:40:29
271,Moju,-1.8839,-48.7689,82.4,83,75,9.22,BR,2021-04-25 19:40:43
272,Vilyuysk,63.7553,121.6247,32.9,98,100,4.94,RU,2021-04-25 19:40:44
273,Daru,-9.0763,143.2092,74.88,95,100,8.59,PG,2021-04-25 19:40:45
274,Port Huron,42.9709,-82.4249,50.0,57,1,18.41,US,2021-04-25 19:40:45
275,Maragogi,-9.0122,-35.2225,79.14,79,6,7.25,BR,2021-04-25 19:40:46
276,Talnakh,69.4865,88.3972,-2.22,95,82,2.35,RU,2021-04-25 19:40:46
277,Buraydah,26.326,43.975,87.8,27,75,12.66,SA,2021-04-25 19:38:20
278,Coquimbo,-29.9533,-71.3436,62.6,72,20,11.5,CL,2021-04-25 19:40:46
279,Narsaq,60.9167,-46.05,51.8,28,75,24.16,GL,2021-04-25 19:39:35
280,Kyaikto,17.3,97.0167,82.69,74,100,4.54,MM,2021-04-25 19:40:47
281,Samana,19.2056,-69.3369,89.6,62,20,13.8,DO,2021-04-25 19:40:47
282,Tezu,27.9167,96.1667,77.76,22,83,4.76,IN,2021-04-25 19:40:48
283,Manokwari,-0.8667,134.0833,78.58,82,100,11.12,ID,2021-04-25 19:40:48
284,Sao Miguel Do Araguaia,-13.275,-50.1628,87.1,57,27,1.25,BR,2021-04-25 19:40:48
285,Mafinga,-7.25,35.0667,67.1,86,90,2.15,TZ,2021-04-25 19:40:49
286,Tuktoyaktuk,69.4541,-133.0374,12.2,79,90,12.66,CA,2021-04-25 19:39:46
287,Chilliwack,49.1747,-121.9443,53.01,76,100,1.14,CA,2021-04-25 19:40:51
288,Arraial Do Cabo,-22.9661,-42.0278,80.6,69,0,8.05,BR,2021-04-25 19:36:21
289,Mattru,7.6244,-11.8332,81.48,76,97,4.0,SL,2021-04-25 19:40:52
290,Formosa,-26.1775,-58.1781,75.2,60,20,11.5,AR,2021-04-25 19:40:53
291,Zeya,53.75,127.2667,36.84,72,100,3.87,RU,2021-04-25 19:40:53
292,Dhidhdhoo,6.8833,73.1,83.93,72,16,5.3,MV,2021-04-25 19:40:54
293,Mount Isa,-20.7333,139.5,71.6,56,5,5.75,AU,2021-04-25 19:40:54
294,Norman Wells,65.282,-126.8329,35.6,44,20,19.57,CA,2021-04-25 19:40:33
295,Matamoros,25.5333,-103.25,89.6,15,1,2.08,MX,2021-04-25 19:36:20
296,Portoroz,45.5143,13.5921,57.0,71,0,5.75,SI,2021-04-25 19:40:55
297,Changji,44.0167,87.3167,41.0,36,42,4.47,CN,2021-04-25 19:40:56
298,Campbell River,50.0163,-125.2446,50.0,100,90,5.75,CA,2021-04-25 19:40:29
299,Lagoa,39.05,-27.9833,59.31,81,98,13.94,PT,2021-04-25 19:38:01
300,Margate,51.3813,1.3862,43.0,64,40,8.01,GB,2021-04-25 19:40:30
301,Markova,48.6758,24.4138,37.78,97,100,6.35,UA,2021-04-25 19:40:56
302,Mumford,5.2618,-0.759,81.59,80,94,8.57,GH,2021-04-25 19:40:57
303,Chuncheng,22.1731,111.7886,73.4,94,100,4.29,CN,2021-04-25 19:40:57
304,Quatre Cocos,-20.2078,57.7625,78.01,94,75,11.5,MU,2021-04-25 19:40:59
305,Vao,-22.6667,167.4833,73.33,76,52,12.41,NC,2021-04-25 19:40:19
306,Hopkinton,41.4612,-71.7776,53.6,71,90,12.66,US,2021-04-25 19:41:01
307,Hofn,64.2539,-15.2082,42.91,88,100,12.5,IS,2021-04-25 19:39:25
308,Bainbridge,47.6262,-122.5212,55.0,66,90,5.75,US,2021-04-25 19:39:57
309,Atbasar,51.8,68.3333,49.55,72,96,9.98,KZ,2021-04-25 19:41:02
310,Rosarito,32.3333,-117.0333,68.0,59,1,11.5,MX,2021-04-25 19:41:02
311,Thinadhoo,0.5333,72.9333,82.33,66,39,4.41,MV,2021-04-25 19:41:04
312,Bilma,18.6853,12.9164,93.94,9,1,7.85,NE,2021-04-25 19:41:05
313,Bonthe,7.5264,-12.505,81.84,76,60,6.46,SL,2021-04-25 19:39:15
314,Delmiro Gouveia,-9.3886,-37.9992,81.34,66,49,11.32,BR,2021-04-25 19:41:06
315,Koumac,-20.5667,164.2833,74.53,84,100,11.97,NC,2021-04-25 19:41:06
316,Katobu,-4.9408,122.5276,74.03,88,96,3.51,ID,2021-04-25 19:41:07
317,Tasiilaq,65.6145,-37.6368,39.2,70,90,20.71,GL,2021-04-25 19:41:04
318,Muli,2.9167,73.5667,83.08,69,9,6.6,MV,2021-04-25 19:41:08
319,Zyryanka,65.75,150.85,6.48,90,6,8.5,RU,2021-04-25 19:41:03
320,Santa Catarina Da Serra,39.6796,-8.6868,62.6,82,40,5.75,PT,2021-04-25 19:41:08
321,Kudat,6.8837,116.8477,77.0,100,20,4.59,MY,2021-04-25 19:41:08
322,Bubaque,11.2833,-15.8333,78.37,69,44,20.87,GW,2021-04-25 19:41:09
323,Atakpame,7.5333,1.1333,79.3,76,99,4.88,TG,2021-04-25 19:41:09
324,Moyeuvre-Grande,49.2517,6.0475,53.6,32,0,12.66,FR,2021-04-25 19:41:09
325,Negombo,7.2083,79.8358,78.8,83,20,3.44,LK,2021-04-25 19:37:26
326,Biograd Na Moru,43.9433,15.4519,57.99,76,0,1.63,HR,2021-04-25 19:41:12
327,Dunda,-8.1167,34.25,64.06,89,26,2.75,TZ,2021-04-25 19:41:12
328,Gat,31.61,34.7642,73.0,41,0,7.23,IL,2021-04-25 19:41:12
329,Tomatlan,19.9333,-105.25,90.25,36,99,10.22,MX,2021-04-25 19:41:13
330,Dingle,10.9995,122.6711,75.74,85,38,3.33,PH,2021-04-25 19:41:13
331,Codajas,-3.8367,-62.0569,79.43,90,100,0.22,BR,2021-04-25 19:41:14
332,Najran,17.4924,44.1277,78.8,47,75,8.05,SA,2021-04-25 19:41:14
333,San Cristobal,7.7669,-72.225,89.6,55,40,11.5,VE,2021-04-25 19:41:15
334,Ayorou,14.7308,0.9174,92.07,9,90,3.87,NE,2021-04-25 19:41:16
335,Kathmandu,27.7167,85.3167,64.4,63,20,3.44,NP,2021-04-25 19:40:41
336,Vardo,70.3705,31.1107,33.8,69,40,14.97,NO,2021-04-25 19:41:17
337,Sao Filipe,14.8961,-24.4956,72.59,71,62,10.58,CV,2021-04-25 19:40:25
338,Sunnyside,46.3237,-120.0087,63.0,34,40,3.44,US,2021-04-25 19:41:17
339,Kichera,55.9375,110.0997,33.26,79,100,6.33,RU,2021-04-25 19:41:18
340,Casambalangan,18.3765,122.1274,75.16,76,70,5.06,PH,2021-04-25 19:41:19
341,Lata,40.1629,-8.3327,61.0,87,98,3.47,PT,2021-04-25 19:41:20
342,Nome,64.5011,-165.4064,39.99,70,40,4.94,US,2021-04-25 19:41:22
343,Kavaratti,10.5669,72.642,84.06,72,1,8.37,IN,2021-04-25 19:41:22
344,Aras,42.5617,-2.356,57.99,82,75,1.14,ES,2021-04-25 19:41:22
345,Tahoua,14.8888,5.2692,91.29,17,100,1.72,NE,2021-04-25 19:41:23
346,Omsukchan,62.5333,155.8,9.32,92,100,1.77,RU,2021-04-25 19:41:23
347,Vestmannaeyjar,63.4427,-20.2734,44.6,87,40,14.97,IS,2021-04-25 19:39:13
348,Macklin,52.3334,-109.9348,51.8,22,100,3.44,CA,2021-04-25 19:41:23
349,Puksoozero,62.5903,40.6066,41.74,87,100,5.86,RU,2021-04-25 19:41:24
350,Bhag,29.0415,67.8239,90.84,16,0,4.65,PK,2021-04-25 19:41:24
351,Presidente Medici,-11.1753,-61.9014,79.16,93,100,3.62,BR,2021-04-25 19:41:24
352,Oranjestad,12.524,-70.027,87.8,55,20,25.32,AW,2021-04-25 19:37:12
353,Nouakchott,18.0858,-15.9785,68.0,73,0,19.57,MR,2021-04-25 19:41:26
354,Ust-Maya,60.4167,134.5333,25.66,97,100,2.62,RU,2021-04-25 19:41:26
355,Bundaberg,-24.85,152.35,63.0,88,0,6.91,AU,2021-04-25 19:41:27
356,Waddan,29.1614,16.139,68.2,44,1,10.0,LY,2021-04-25 19:41:01
357,Muromtsevo,56.3724,75.2418,43.25,54,100,10.33,RU,2021-04-25 19:41:28
358,Chuy,-33.6971,-53.4616,62.31,83,98,12.64,UY,2021-04-25 19:37:00
359,Lodwar,3.1191,35.5973,85.15,50,100,8.48,KE,2021-04-25 19:41:28
360,Mastic Beach,40.7668,-72.8521,55.99,71,90,14.97,US,2021-04-25 19:41:29
361,Kibre Mengist,5.8833,38.9833,60.37,95,91,0.92,ET,2021-04-25 19:41:29
362,Chilca,-12.5211,-76.7372,73.99,88,75,8.05,PE,2021-04-25 19:41:29
363,Katsuura,35.1333,140.3,53.6,50,75,17.27,JP,2021-04-25 19:41:31
364,Meulaboh,4.1363,96.1285,76.87,86,82,4.36,ID,2021-04-25 19:41:31
365,Biak,-0.9131,122.8766,75.29,81,77,4.65,ID,2021-04-25 19:41:32
366,Palmer,42.1584,-72.3287,54.0,71,90,6.91,US,2021-04-25 19:41:33
367,Kamenka,51.3223,42.7678,41.0,54,9,8.37,RU,2021-04-25 19:41:34
368,Yar-Sale,66.8333,70.8333,33.06,92,100,11.97,RU,2021-04-25 19:40:21
369,Puro,12.4841,123.3827,78.19,81,37,9.44,PH,2021-04-25 19:41:35
370,Ko Samui,9.5357,99.9357,83.64,71,100,9.4,TH,2021-04-25 19:41:35
371,Olkhovatka,50.2831,39.2872,40.84,56,17,7.02,RU,2021-04-25 19:41:35
372,Teplyk,48.6657,29.745,44.42,85,42,4.68,UA,2021-04-25 19:41:36
373,Krasnoselkup,65.7,82.4667,14.95,90,24,5.14,RU,2021-04-25 19:41:36
374,Sibolga,1.7427,98.7792,76.32,84,52,2.93,ID,2021-04-25 19:41:36
375,Bure,10.7,37.0667,63.59,70,100,1.25,ET,2021-04-25 19:41:37
376,Port Shepstone,-30.7414,30.455,67.8,85,1,5.32,ZA,2021-04-25 19:41:38
377,Champoton,19.35,-90.7167,91.4,55,40,11.5,MX,2021-04-25 19:41:38
378,Mizan Teferi,6.9833,35.5833,61.5,95,100,2.28,ET,2021-04-25 19:41:39
379,San Jose,37.3394,-121.895,59.0,51,90,9.22,US,2021-04-25 19:37:38
380,Mirnyy,62.5353,113.9611,32.43,98,100,5.95,RU,2021-04-25 19:41:40
381,Charters Towers,-20.1,146.2667,67.42,89,98,7.29,AU,2021-04-25 19:41:12
382,Strezhevoy,60.7333,77.5889,39.2,75,40,6.71,RU,2021-04-25 19:40:17
383,Muros,42.7762,-9.0603,62.01,82,86,1.99,ES,2021-04-25 19:39:50
384,Panalingaan,8.7842,117.4231,78.08,85,60,3.36,PH,2021-04-25 19:41:41
385,Shebunino,46.4339,141.8603,31.12,74,83,7.31,RU,2021-04-25 19:41:41
386,Petalcingo,17.2833,-92.45,91.4,58,90,5.88,MX,2021-04-25 19:41:42
387,Hokitika,-42.7167,170.9667,47.3,80,77,3.65,NZ,2021-04-25 19:41:43
388,Kotovo,50.3211,44.8012,40.86,56,50,4.99,RU,2021-04-25 19:41:43
389,Tucuma,-0.1833,-50.05,79.84,89,96,5.46,BR,2021-04-25 19:41:45
390,Ushtobe,45.2514,77.9838,52.52,45,99,6.33,KZ,2021-04-25 19:41:45
391,Havelock,34.8791,-76.9013,66.0,67,69,5.01,US,2021-04-25 19:38:25
392,Evensk,61.95,159.2333,22.84,94,100,5.01,RU,2021-04-25 19:41:46
393,Port Blair,11.6667,92.75,81.55,74,98,4.97,IN,2021-04-25 19:40:13
394,Sampit,-2.5333,112.95,72.84,97,70,0.18,ID,2021-04-25 19:41:47
395,Parkes,-33.1333,148.1833,43.0,82,0,4.41,AU,2021-04-25 19:41:47
396,Kitgum,3.2783,32.8867,66.02,97,100,2.86,UG,2021-04-25 19:41:47
397,Prince Rupert,54.3161,-130.3201,57.2,41,1,5.75,CA,2021-04-25 19:41:48
398,Touros,-5.1989,-35.4608,84.2,74,40,13.8,BR,2021-04-25 19:39:59
399,Ilebo,-4.3167,20.5833,71.96,97,85,1.77,CD,2021-04-25 19:38:27
400,Birur,13.6167,75.9667,76.5,71,92,3.53,IN,2021-04-25 19:41:49
401,Cootamundra,-34.65,148.0333,42.87,84,0,1.19,AU,2021-04-25 19:41:49
402,Koutsouras,35.0339,25.9469,57.92,78,28,25.1,GR,2021-04-25 19:41:50
403,Popondetta,-8.7537,148.2534,71.89,95,95,2.51,PG,2021-04-25 19:41:50
404,Ponferrada,42.5466,-6.5962,55.99,91,100,1.01,ES,2021-04-25 19:41:51
405,Plettenberg Bay,-34.0527,23.3716,66.22,71,100,5.23,ZA,2021-04-25 19:41:52
406,Nizhnyaya Omka,55.4338,74.9426,45.64,46,100,13.38,RU,2021-04-25 19:41:53
407,Balta,47.9355,29.6198,45.88,81,46,14.65,UA,2021-04-25 19:41:47
408,Tigil,57.8,158.6667,27.61,91,100,2.8,RU,2021-04-25 19:41:54
409,Denpasar,-8.65,115.2167,80.6,83,40,2.3,ID,2021-04-25 19:41:54
410,Kumta,14.4167,74.4,83.03,75,91,4.34,IN,2021-04-25 19:41:55
411,Waipawa,-41.4122,175.5153,53.6,66,20,3.44,NZ,2021-04-25 19:41:56
412,Kota Kinabalu,5.9749,116.0724,80.6,83,20,4.61,MY,2021-04-25 19:40:54
413,Ribas Do Rio Pardo,-20.4431,-53.7592,85.24,35,99,12.12,BR,2021-04-25 19:41:56
414,Salym,60.0625,71.4789,40.59,78,100,7.61,RU,2021-04-25 19:41:56
415,Paita,-5.0892,-81.1144,84.2,54,0,13.8,PE,2021-04-25 19:41:57
416,Dongsheng,39.8161,109.9776,42.67,91,0,8.97,CN,2021-04-25 19:41:34
417,Banjar,-8.19,114.9675,80.6,83,40,2.3,ID,2021-04-25 19:41:59
418,Bacolod,10.6667,122.95,77.95,83,56,4.41,PH,2021-04-25 19:41:59
419,Felipe Carrillo Puerto,19.5833,-88.05,95.65,32,26,7.94,MX,2021-04-25 19:42:00
420,Halifax,44.6453,-63.5724,60.01,76,100,10.36,CA,2021-04-25 19:38:31
421,Kholtoson,50.2981,103.3097,17.6,94,47,3.76,RU,2021-04-25 19:42:01
422,Sur,22.5667,59.5289,84.29,45,0,10.22,OM,2021-04-25 19:40:46
423,Acapulco,16.8634,-99.8901,87.8,62,90,11.5,MX,2021-04-25 19:42:02
424,Hue,16.4667,107.6,82.4,89,75,3.44,VN,2021-04-25 19:42:02
425,Mandalgovi,45.7625,106.2708,29.68,81,30,23.11,MN,2021-04-25 19:42:03
426,Shache,38.4167,77.2406,61.61,17,27,6.26,CN,2021-04-25 19:42:03
427,Nikolayevsk-Na-Amure,53.1406,140.73,20.46,92,14,1.99,RU,2021-04-25 19:42:04
428,Egvekinot,66.3167,-179.1667,24.84,88,19,2.91,RU,2021-04-25 19:42:06
429,Mayumba,-3.432,10.6554,79.03,86,34,2.62,GA,2021-04-25 19:42:07
430,Hirara,24.8,125.2833,71.58,66,89,17.52,JP,2021-04-25 19:41:00
431,Tingo Maria,-9.2895,-76.0088,87.55,50,11,3.44,PE,2021-04-25 19:42:07
432,La Asuncion,11.0333,-63.8628,73.4,94,11,23.02,VE,2021-04-25 19:42:08
433,Quelimane,-17.8786,36.8883,77.0,88,0,8.05,MZ,2021-04-25 19:40:47
434,Kaeo,-35.1,173.7833,56.75,82,92,3.83,NZ,2021-04-25 19:41:48
435,Kargat,55.1956,80.2811,42.6,58,100,6.78,RU,2021-04-25 19:42:08
436,Asfi,32.2994,-9.2372,63.7,82,6,20.49,MA,2021-04-25 19:42:09
437,Isabela,6.7085,121.9711,79.12,84,28,3.29,PH,2021-04-25 19:42:09
438,Havoysund,70.9963,24.6622,33.8,86,75,5.75,NO,2021-04-25 19:42:10
439,Feira De Santana,-12.2667,-38.9667,81.09,63,82,9.01,BR,2021-04-25 19:40:40
440,Emba,48.8264,58.1442,52.65,82,100,4.92,KZ,2021-04-25 19:42:11
441,Hovd,48.0056,91.6419,28.44,30,39,2.62,MN,2021-04-25 19:40:40
442,Pandharpur,17.6667,75.3333,90.21,32,100,10.58,IN,2021-04-25 19:42:12
443,Suzhou,31.3114,120.6181,62.6,67,0,2.24,CN,2021-04-25 19:38:47
444,Ketchikan,55.3422,-131.6461,55.4,38,1,9.22,US,2021-04-25 19:42:10
445,Jinchang,38.4953,102.1739,43.14,24,5,9.66,CN,2021-04-25 19:42:12
446,Comodoro Rivadavia,-45.8667,-67.5,66.2,45,0,9.22,AR,2021-04-25 19:42:13
447,Nautla,20.2167,-96.7833,84.81,64,30,12.62,MX,2021-04-25 19:42:14
448,Yakovlevka,44.425,133.4772,30.25,47,1,3.87,RU,2021-04-25 19:42:14
449,Esperance,-33.8667,121.9,60.8,63,0,18.41,AU,2021-04-25 19:42:15
450,Cortes,41.9395,-1.4396,64.4,63,100,2.3,ES,2021-04-25 19:42:15
451,Princeton,25.5384,-80.4089,93.0,52,20,12.66,US,2021-04-25 19:39:10
452,Mega,4.05,38.3,59.74,87,100,4.16,ET,2021-04-25 19:42:15
453,Micheweni,-4.9667,39.8333,79.32,85,26,8.23,TZ,2021-04-25 19:42:16
454,Lishu,43.3047,124.3278,49.37,29,100,5.46,CN,2021-04-25 19:42:17
455,Tokomaru,-40.4667,175.5,52.0,95,67,1.72,NZ,2021-04-25 19:42:17
456,Mahebourg,-20.4081,57.7,75.2,94,75,11.5,MU,2021-04-25 19:41:54
457,Madingou,-4.1536,13.55,76.8,86,63,1.36,CG,2021-04-25 19:42:17
458,Murdochville,48.9583,-65.5006,44.6,70,97,4.61,CA,2021-04-25 19:42:18
459,Naze,28.3667,129.4833,64.15,71,34,10.85,JP,2021-04-25 19:42:18
460,Hinesville,31.8469,-81.5959,75.2,53,75,12.66,US,2021-04-25 19:42:19
461,Kerchevskiy,59.946,56.2884,35.85,90,52,7.7,RU,2021-04-25 19:42:19
462,Prado,-17.3411,-39.2208,78.51,77,0,10.11,BR,2021-04-25 19:42:20
463,Smoky Lake,54.1169,-112.4686,44.6,22,63,10.36,CA,2021-04-25 19:42:20
464,Ponte De Sor,39.2496,-8.0101,63.0,89,59,1.01,PT,2021-04-25 19:42:21
465,Ranong,9.9658,98.6348,79.56,83,100,5.01,TH,2021-04-25 19:42:22
466,Kyshtovka,56.555,76.6271,41.67,65,100,7.56,RU,2021-04-25 19:42:22
467,Jacareacanga,-6.2222,-57.7528,79.86,90,99,1.48,BR,2021-04-25 19:42:23
468,Lazaro Cardenas,17.9583,-102.2,84.6,51,100,10.16,MX,2021-04-25 19:42:23
469,Monrovia,6.3005,-10.7969,80.6,94,40,6.15,LR,2021-04-25 19:42:23
470,Juneau,58.3019,-134.4197,55.0,40,20,8.05,US,2021-04-25 19:42:24
471,Srandakan,-7.9386,110.2506,75.22,86,90,3.71,ID,2021-04-25 19:42:24
472,Sechura,-5.5569,-80.8222,80.44,58,62,13.42,PE,2021-04-25 19:42:25
473,Nacozari,25.3366,-108.2574,90.0,39,62,5.01,MX,2021-04-25 19:42:25
474,Barcelos,41.5388,-8.6151,62.6,77,20,3.44,PT,2021-04-25 19:42:26
475,Zaragoza,41.6561,-0.8773,66.2,45,75,8.05,ES,2021-04-25 19:39:17
476,Nouna,12.7333,-3.8667,97.63,17,45,6.8,BF,2021-04-25 19:42:27
477,Chapais,49.7834,-74.8492,53.6,50,75,10.36,CA,2021-04-25 19:42:28
478,Mogadishu,2.0371,45.3438,83.44,75,98,12.26,SO,2021-04-25 19:40:25
479,Ormara,25.2088,64.6357,81.88,73,34,10.6,PK,2021-04-25 19:42:29
480,Skibbereen,51.55,-9.2667,48.2,57,20,11.5,IE,2021-04-25 19:42:29
481,Wufeng,27.45,104.8333,45.28,94,100,2.19,CN,2021-04-25 19:42:31
482,Jiazi,22.8779,116.067,70.09,78,91,15.21,CN,2021-04-25 19:42:31
483,Los Llanos De Aridane,28.6585,-17.9182,69.8,64,40,5.75,ES,2021-04-25 19:40:40
484,Abonnema,4.7084,6.7931,84.2,74,20,4.61,NG,2021-04-25 19:42:33
485,Superior,46.7208,-92.1041,44.6,26,1,13.8,US,2021-04-25 19:42:33
486,Soskovo,52.7475,35.3828,32.02,72,0,7.63,RU,2021-04-25 19:42:33
487,Muzaffarabad,34.37,73.4711,62.8,47,5,6.91,PK,2021-04-25 19:42:34
488,Jiayuguan,39.8167,98.3,40.23,16,100,10.25,CN,2021-04-25 19:42:34
489,College,64.8569,-147.8028,53.01,37,1,0.85,US,2021-04-25 19:42:35
490,Sharjah,25.3573,55.4033,91.4,34,0,2.3,AE,2021-04-25 19:42:29
491,Islamkot,24.6997,70.177,84.2,34,3,10.18,PK,2021-04-25 19:42:35
492,Karratha,-20.7377,116.8463,75.85,62,0,8.46,AU,2021-04-25 19:38:35
493,Roswell,34.0232,-84.3616,71.01,52,1,16.11,US,2021-04-25 19:42:36
494,Mmathubudukwane,-24.6,26.4333,64.4,27,0,3.44,BW,2021-04-25 19:42:36
495,Phibun Mangsahan,15.2447,105.2291,80.6,89,40,4.99,TH,2021-04-25 19:42:37
496,Ancud,-41.8697,-73.8203,61.0,82,75,4.61,CL,2021-04-25 19:38:47
497,Cockburn Town,21.4612,-71.1419,82.4,65,40,14.97,TC,2021-04-25 19:41:09
498,Acarau,-2.8856,-40.12,81.18,76,16,11.27,BR,2021-04-25 19:42:39
499,Ulladulla,-35.35,150.4667,52.0,100,2,6.91,AU,2021-04-25 19:42:40
500,Tanete,-3.9443,119.7848,72.5,95,47,3.67,ID,2021-04-25 19:42:40
501,Linhares,-19.3911,-40.0722,78.1,75,31,7.67,BR,2021-04-25 19:42:41
502,Prokhorovka,51.0374,36.7325,42.8,56,0,6.71,RU,2021-04-25 19:42:41
503,Spirit River,55.7833,-118.8361,42.8,33,94,5.75,CA,2021-04-25 19:42:42
504,Ravar,31.2656,56.8055,75.47,31,100,3.69,IR,2021-04-25 19:42:42
505,Chara,56.9064,118.2631,31.35,86,100,1.14,RU,2021-04-25 19:42:42
506,Porbandar,21.6422,69.6093,82.13,78,1,10.45,IN,2021-04-25 19:42:43
507,Goderich,43.7501,-81.7165,37.4,70,66,21.85,CA,2021-04-25 19:38:48
508,Victor Harbor,-35.5667,138.6167,55.0,93,5,2.42,AU,2021-04-25 19:42:43
509,Adelaide,-34.9333,138.6,53.01,93,0,3.47,AU,2021-04-25 19:42:44
510,Half Moon Bay,37.4636,-122.4286,57.2,82,90,13.8,US,2021-04-25 19:42:45
511,Knokke-Heist,51.3333,3.3333,45.0,70,100,18.41,BE,2021-04-25 19:42:46
512,Tukrah,32.5341,20.5791,60.58,92,10,8.75,LY,2021-04-25 19:42:46
513,Altea,38.5989,-0.0514,59.0,97,100,10.0,ES,2021-04-25 19:42:47
514,Savelugu,9.6244,-0.8253,91.27,43,19,9.75,GH,2021-04-25 19:40:44
515,Shibetsu,43.659,145.132,29.75,73,8,10.22,JP,2021-04-25 19:42:47
516,Saldanha,-33.0117,17.9442,60.8,88,100,6.91,ZA,2021-04-25 19:42:49
517,Alice Springs,-23.7,133.8833,44.6,70,0,5.75,AU,2021-04-25 19:42:50
518,Luganville,-15.5333,167.1667,78.6,85,81,3.27,VU,2021-04-25 19:42:50
519,Zhob,31.3411,69.4481,71.04,30,0,1.45,PK,2021-04-25 19:42:51
520,Cap Malheureux,-19.9842,57.6142,78.01,82,100,7.0,MU,2021-04-25 19:41:41
521,Mikuni,36.2171,136.1519,42.8,70,20,4.61,JP,2021-04-25 19:42:53
522,Tabory,58.5198,64.5495,44.58,71,99,10.18,RU,2021-04-25 19:42:53
523,Alyangula,-13.8483,136.4192,75.2,100,99,9.1,AU,2021-04-25 19:42:53
524,Kirsanov,52.6549,42.7224,38.07,75,21,10.02,RU,2021-04-25 19:42:55
525,Sovetskiy,61.3614,63.5842,45.55,52,100,13.29,RU,2021-04-25 19:42:55
526,Gigmoto,13.7796,124.39,76.62,81,100,7.78,PH,2021-04-25 19:42:55
527,Westport,41.1415,-73.3579,57.2,62,90,11.5,US,2021-04-25 19:38:41
528,Vila Franca Do Campo,37.7167,-25.4333,60.8,72,40,13.8,PT,2021-04-25 19:39:45
529,Huicheng,23.0385,116.2899,69.8,83,90,2.24,CN,2021-04-25 19:42:56
530,Itoman,26.1247,127.6694,66.2,82,20,4.61,JP,2021-04-25 19:42:57
531,Pochutla,15.7432,-96.4661,90.0,55,75,11.5,MX,2021-04-25 19:41:50
532,Manicore,-5.8092,-61.3003,82.4,89,75,5.75,BR,2021-04-25 19:42:57
533,Bani Walid,31.7566,13.9942,62.58,65,1,13.82,LY,2021-04-25 19:42:58
534,Kendari,-3.945,122.4989,73.76,93,16,2.17,ID,2021-04-25 19:42:58
535,Asyut,27.181,31.1837,89.6,25,0,17.27,EG,2021-04-25 19:42:58
536,Lethem,3.3803,-59.7968,84.29,65,100,7.23,GY,2021-04-25 19:42:59
537,San Pedro,14.35,121.0167,80.6,78,20,4.61,PH,2021-04-25 19:42:59
538,Port Hedland,-20.3167,118.5667,66.2,88,0,8.05,AU,2021-04-25 19:43:00
539,Huejuquilla El Alto,22.6,-103.8667,88.18,10,21,7.72,MX,2021-04-25 19:43:00
540,Mahajanga,-15.7167,46.3167,78.8,83,20,4.61,MG,2021-04-25 19:43:00
541,Kieta,-6.2167,155.6333,78.4,78,73,1.66,PG,2021-04-25 19:41:56
542,Dzerzhinskoye,56.8344,95.2283,35.92,91,100,7.7,RU,2021-04-25 19:43:01
543,Labuan,5.2767,115.2417,78.8,94,20,3.2,MY,2021-04-25 19:43:03
544,Saint-Augustin,51.226,-58.6502,48.0,41,92,10.49,CA,2021-04-25 19:43:04
545,Hualmay,-11.0964,-77.6139,71.37,75,15,7.92,PE,2021-04-25 19:43:05
546,Adamovka,51.5223,59.9396,47.77,73,100,14.65,RU,2021-04-25 19:43:05
547,Yingkou,40.6648,122.2283,52.97,38,99,3.42,CN,2021-04-25 19:43:06
548,Madera,37.1666,-119.8343,48.99,78,100,1.01,US,2021-04-25 19:40:14
549,Flinders,-34.5833,150.8552,51.01,85,16,1.01,AU,2021-04-25 19:42:01
550,Jabinyanah,35.035,10.9081,64.4,72,20,9.22,TN,2021-04-25 19:43:08
551,Yumen,40.2833,97.2,38.08,15,100,11.65,CN,2021-04-25 19:43:10
552,Pitimbu,-7.4706,-34.8086,84.2,79,20,12.66,BR,2021-04-25 19:43:11
553,Batemans Bay,-35.7167,150.1833,50.0,89,8,1.01,AU,2021-04-25 19:43:11
554,Salekhard,66.53,66.6019,33.35,96,100,7.2,RU,2021-04-25 19:42:24
555,Port Hueneme,34.1478,-119.1951,66.2,59,75,10.36,US,2021-04-25 19:43:11
556,Indian Head,38.6001,-77.1622,66.2,52,75,12.66,US,2021-04-25 19:43:12
557,Guerrero Negro,27.9769,-114.0611,67.95,55,98,13.71,MX,2021-04-25 19:42:40
558,Koudougou,12.25,-2.3667,96.6,20,35,2.89,BF,2021-04-25 19:43:12
559,Sao Teotonio,37.5128,-8.7071,63.0,84,32,4.0,PT,2021-04-25 19:43:13
560,Huambo,-12.7761,15.7392,64.94,58,100,0.34,AO,2021-04-25 19:43:14
561,Bilibino,68.0546,166.4372,18.46,92,98,2.64,RU,2021-04-25 19:43:14
562,Kabare,-2.4683,28.8242,62.1,96,100,0.43,CD,2021-04-25 19:43:14
563,Luocheng,29.3848,104.0286,58.62,91,100,0.98,CN,2021-04-25 19:43:15
564,Santiago Del Estero,-27.7951,-64.2615,74.26,39,0,6.91,AR,2021-04-25 19:43:16
565,Plastun,44.7561,136.2939,29.43,62,4,4.18,RU,2021-04-25 19:43:16
566,Noyabrsk,63.1994,75.4507,33.39,98,100,12.44,RU,2021-04-25 19:43:16
567,Tierranueva,21.6833,-100.5667,83.35,26,91,17.47,MX,2021-04-25 19:43:17
568,Nsanje,-16.92,35.262,72.14,87,9,2.24,MW,2021-04-25 19:43:17
569,Bac Lieu,9.285,105.7244,81.32,80,20,7.16,VN,2021-04-25 19:43:17
570,Siemiatycze,52.4272,22.8623,30.99,75,41,1.01,PL,2021-04-25 19:43:18
571,Teya,60.3778,92.6267,33.87,96,100,5.21,RU,2021-04-25 19:41:07
572,Gouyave,12.1646,-61.7296,84.2,65,20,24.16,GD,2021-04-25 19:43:19
573,Andenes,69.3143,16.1194,35.6,80,75,6.91,NO,2021-04-25 19:43:20
574,Pasni,25.2631,63.471,83.14,49,100,6.13,PK,2021-04-25 19:43:20
575,Pustoshka,56.3355,29.369,31.28,95,32,6.6,RU,2021-04-25 19:43:21
576,Omboue,-1.5746,9.2618,79.72,85,0,5.55,GA,2021-04-25 19:43:22
577,Livingston,55.9029,-3.5226,48.99,76,0,3.44,GB,2021-04-25 19:42:23
578,Porto-Vecchio,41.591,9.2795,59.0,72,0,11.5,FR,2021-04-25 19:41:07
579,Caravelas,-17.7125,-39.2481,78.53,76,10,8.14,BR,2021-04-25 19:43:23
580,Galle,6.0367,80.217,79.43,82,14,2.21,LK,2021-04-25 19:39:12
581,Bosaso,11.2842,49.1816,85.37,64,65,3.06,SO,2021-04-25 19:43:23
582,Gizo,-8.103,156.8419,82.38,73,12,2.77,SB,2021-04-25 19:43:24
583,Vegachi,6.7614,-74.7947,77.34,76,90,3.83,CO,2021-04-25 19:43:24
584,Nova Lima,-19.9856,-43.8467,86.0,37,20,6.91,BR,2021-04-25 19:43:24
585,Alexandria,31.2156,29.9553,66.2,72,40,18.41,EG,2021-04-25 19:43:24
586,Beira,-19.8436,34.8389,77.0,83,0,9.95,MZ,2021-04-25 19:41:17
587,Aksu,41.1231,80.2644,57.81,28,28,7.36,CN,2021-04-25 19:43:25
588,Nuevo Ideal,24.8875,-105.0728,86.05,4,46,15.3,MX,2021-04-25 19:43:26
589,Mecca,21.4267,39.8261,87.22,33,73,4.16,SA,2021-04-25 19:38:16
590,Tocopilla,-22.092,-70.1979,69.04,63,20,4.76,CL,2021-04-25 19:43:27
591,Havre-Saint-Pierre,50.2334,-63.5986,48.2,40,1,8.05,CA,2021-04-25 19:43:27
592,Grand Baie,-20.0182,57.5802,78.01,82,100,7.0,MU,2021-04-25 19:43:28
593,Ziarat,30.3823,67.7282,57.47,34,0,1.68,PK,2021-04-25 19:40:40
594,Rocha,-34.4833,-54.3333,63.54,73,81,14.03,UY,2021-04-25 19:42:59
595,Dois Vizinhos,-25.7336,-53.0572,69.87,66,55,4.14,BR,2021-04-25 19:43:28
596,Edea,3.8,10.1333,84.2,79,20,4.61,CM,2021-04-25 19:43:29
597,Alihe,50.5667,123.7167,41.29,49,100,2.98,CN,2021-04-25 19:43:29
598,Chimoio,-19.1164,33.4833,69.8,94,20,6.91,MZ,2021-04-25 19:43:30
599,Curanilahue,-37.4667,-73.35,65.12,53,0,8.21,CL,2021-04-25 19:43:31
600,Marsa Matruh,31.3525,27.2453,64.4,82,40,12.66,EG,2021-04-25 19:43:32
601,Togur,58.3631,82.8265,33.13,99,97,2.95,RU,2021-04-25 19:43:32
602,Huilong,31.8111,121.655,64.0,75,39,7.76,CN,2021-04-25 19:43:32
603,Tiarei,-17.5333,-149.3333,84.2,70,40,8.05,PF,2021-04-25 19:43:33
604,Bereda,43.2686,-7.5406,57.99,100,100,1.01,ES,2021-04-25 19:43:34
605,Mehran,33.1222,46.1646,66.2,27,0,4.61,IR,2021-04-25 19:43:34
606,Kutum,14.2,24.6667,80.82,15,18,7.87,SD,2021-04-25 19:40:02
607,Wajima,37.4,136.9,47.39,47,5,14.52,JP,2021-04-25 19:43:36
608,Kalga,50.9251,118.898,43.21,33,100,3.42,RU,2021-04-25 19:43:37
609,Nchelenge,-9.3451,28.734,72.19,77,89,3.85,ZM,2021-04-25 19:43:37
610,Udachnyy,66.4167,112.4,7.88,91,100,23.82,RU,2021-04-25 19:40:49
611,Rogatica,43.8008,19.0025,55.4,38,0,2.3,BA,2021-04-25 19:43:38
612,Seydi,39.4816,62.9137,74.66,19,76,18.72,TM,2021-04-25 19:43:38
613,Willowmore,-33.2926,23.4895,73.15,27,100,3.76,ZA,2021-04-25 19:43:38
614,Iskilip,40.7353,34.4739,48.36,82,25,6.8,TR,2021-04-25 19:43:39
615,Trat,12.5,102.5,82.0,99,96,0.76,TH,2021-04-25 19:43:39
616,Kosh-Agach,50.0,88.6667,19.22,63,14,0.6,RU,2021-04-25 19:43:40
617,Excelsior Springs,39.3392,-94.2261,73.0,37,1,10.36,US,2021-04-25 19:43:40
618,Kirkwall,58.9848,-2.9587,42.8,87,100,4.61,GB,2021-04-25 19:42:57
619,Cayenne,4.9333,-52.3333,84.2,74,75,11.5,GF,2021-04-25 19:43:42
620,Saint Anthony,45.0205,-93.218,46.4,36,90,12.66,US,2021-04-25 19:43:42
621,Port Macquarie,-31.4333,152.9167,55.0,97,9,1.99,AU,2021-04-25 19:40:53
622,Sibenik,43.7272,15.9058,60.8,33,0,8.05,HR,2021-04-25 19:43:42
623,Kahului,20.8947,-156.47,80.6,61,20,16.11,US,2021-04-25 19:43:43
624,Russell,32.3502,-85.1999,75.2,43,1,8.05,US,2021-04-25 19:43:44
625,Ginir,7.1333,40.7,58.42,93,88,4.29,ET,2021-04-25 19:43:44
626,Teodoro Sampaio,-22.5325,-52.1675,79.52,47,100,10.83,BR,2021-04-25 19:43:44
627,Tomohon,1.3346,124.8392,73.4,100,20,2.3,ID,2021-04-25 19:43:44
628,Coari,-4.085,-63.1414,81.25,83,96,1.05,BR,2021-04-25 19:43:45
629,Finnsnes,69.2296,17.9811,33.8,80,75,1.14,NO,2021-04-25 19:43:45
630,Ambalavao,-21.8333,46.9333,62.74,89,87,4.41,MG,2021-04-25 19:43:45
631,Auki,-8.7676,160.7034,79.23,87,58,0.83,SB,2021-04-25 19:43:46
632,Non Sang,16.8687,102.5664,84.99,78,67,2.3,TH,2021-04-25 19:43:46
633,La Peca,-5.6111,-78.435,84.07,54,81,4.27,PE,2021-04-25 19:43:47
634,Kloulklubed,7.0419,134.2556,77.0,88,90,10.36,PW,2021-04-25 19:41:45
635,Nokha,27.6,73.4167,82.29,12,0,7.07,IN,2021-04-25 19:43:48
636,Luoyang,34.6836,112.4536,54.27,81,100,3.78,CN,2021-04-25 19:43:48
637,Caracuaro,19.0106,-101.1264,101.01,13,99,5.64,MX,2021-04-25 19:43:49
638,Harrisonville,38.6533,-94.3488,73.4,35,1,14.97,US,2021-04-25 19:43:49
639,Jasper,37.2001,-94.3502,73.99,40,1,17.27,US,2021-04-25 19:43:49
640,Xuddur,4.1213,43.8894,78.85,63,95,12.08,SO,2021-04-25 19:43:49
641,Palmas,-10.2128,-48.3603,73.4,94,75,4.61,BR,2021-04-25 19:43:51
642,Houma,29.5958,-90.7195,79.0,50,1,4.61,US,2021-04-25 19:43:51
643,Linjiang,41.8069,126.9078,39.25,43,98,2.13,CN,2021-04-25 19:43:52
644,Faro,37.0194,-7.9322,66.2,82,20,6.91,PT,2021-04-25 19:40:54
645,Gazojak,41.1875,61.4036,71.44,15,0,17.09,TM,2021-04-25 19:43:52
646,Andapa,-14.65,49.65,66.27,97,99,2.39,MG,2021-04-25 19:43:53
647,Brae,60.3964,-1.353,44.6,87,20,8.05,GB,2021-04-25 19:43:53
648,Komsomolskiy,40.4272,71.7189,62.6,42,0,6.91,UZ,2021-04-25 19:39:16
649,Uruzgan,32.8333,66.0,65.52,13,43,1.45,AF,2021-04-25 19:43:54
650,Waterfoot,53.6929,-2.2525,52.0,69,5,7.0,GB,2021-04-25 19:43:54
651,Isiro,2.7739,27.616,66.87,99,100,1.99,CD,2021-04-25 19:43:55
652,Naberera,-4.2,36.9333,62.8,96,94,7.72,TZ,2021-04-25 19:43:55
653,Port Keats,-14.25,129.55,74.57,42,100,5.53,AU,2021-04-25 19:43:56
654,Saint-Francois,46.4154,3.9054,62.6,45,0,6.91,FR,2021-04-25 19:43:57
655,Cabinda,-5.55,12.2,79.3,84,18,5.48,AO,2021-04-25 19:43:57
656,Elizabeth City,36.2946,-76.2511,64.4,59,90,16.11,US,2021-04-25 19:43:57
657,Caceres,39.522,-6.3748,55.96,91,100,5.41,ES,2021-04-25 19:43:58
658,Jiangyou,31.7667,104.7167,57.25,89,100,3.44,CN,2021-04-25 19:43:58
659,Atambua,-9.1061,124.8925,68.92,83,14,5.21,ID,2021-04-25 19:43:59
660,Starkville,33.4504,-88.8184,73.0,46,1,4.61,US,2021-04-25 19:43:59
661,Benguela,-12.5763,13.4055,79.65,81,47,5.84,AO,2021-04-25 19:42:52
662,Ejura,7.3856,-1.3562,79.92,74,90,5.1,GH,2021-04-25 19:44:00
663,Sabang,5.8933,95.3214,81.79,75,94,12.5,ID,2021-04-25 19:44:00
664,Maceio,-9.6658,-35.7353,84.2,65,20,9.22,BR,2021-04-25 19:38:17
665,Escarcega,18.6089,-90.7454,104.05,23,14,3.67,MX,2021-04-25 19:44:01
666,Sinnamary,5.3833,-52.95,80.96,82,54,11.95,GF,2021-04-25 19:42:28
667,Madang,-5.2246,145.7966,74.21,92,100,6.51,PG,2021-04-25 19:44:02
668,Rehoboth,-23.3167,17.0833,68.88,31,56,7.67,NA,2021-04-25 19:44:03
669,Hernani,43.2662,-1.9762,66.2,72,0,4.23,ES,2021-04-25 19:44:04
670,Harer,9.3094,42.1258,62.6,82,100,4.12,ET,2021-04-25 19:44:04
671,Berbera,10.4396,45.0143,85.6,72,100,14.81,SO,2021-04-25 19:40:03
672,Lamu,-2.2717,40.902,81.81,79,78,12.37,KE,2021-04-25 19:44:05
673,Bijie,27.3125,105.2942,50.09,89,100,4.36,CN,2021-04-25 19:44:05
674,Yelizovo,53.1873,158.3805,33.8,100,90,4.47,RU,2021-04-25 19:44:05
675,Samarai,-10.6167,150.6667,82.47,78,94,12.01,PG,2021-04-25 19:44:06
676,Mezen,65.8522,44.24,42.39,85,100,5.3,RU,2021-04-25 19:44:07
677,Kodinsk,58.6881,99.1844,34.84,97,100,7.23,RU,2021-04-25 19:44:07
678,Camacha,33.0833,-16.3333,64.4,77,75,20.71,PT,2021-04-25 19:44:08
679,Nang Rong,14.6377,102.7914,84.99,89,11,4.9,TH,2021-04-25 19:44:08
680,Hobyo,5.3505,48.5268,84.24,63,36,10.56,SO,2021-04-25 19:44:09
681,Llanes,43.4198,-4.7549,58.32,95,100,4.03,ES,2021-04-25 19:44:09
682,Bagdarin,54.4333,113.6,35.94,98,100,3.94,RU,2021-04-25 19:44:09
683,Amapa,1.0,-52.0,71.4,98,100,5.5,BR,2021-04-25 19:44:10
684,Kuah,6.3265,99.8432,80.6,94,20,10.51,MY,2021-04-25 19:44:11
685,Santa Cruz,-17.8,-63.1667,77.0,53,75,19.57,BO,2021-04-25 19:43:21
686,Glendive,47.1053,-104.7125,48.99,53,90,8.05,US,2021-04-25 19:44:11
687,Jodhpur,26.2867,73.03,84.69,9,0,7.45,IN,2021-04-25 19:44:12
688,Parkersburg,39.2667,-81.5615,63.0,51,90,6.91,US,2021-04-25 19:42:23
689,Assiniboia,49.6334,-105.9845,39.2,60,100,12.66,CA,2021-04-25 19:44:12
690,Fereydun Kenar,36.6864,52.5225,61.59,75,29,4.85,IR,2021-04-25 19:44:13
691,Butte,39.6499,-121.5677,57.2,58,90,18.41,US,2021-04-25 19:44:13
692,Kapit,2.0167,112.9333,73.33,99,100,1.14,MY,2021-04-25 19:44:14
693,Buin,-33.7333,-70.75,78.8,27,0,5.75,CL,2021-04-25 19:44:16
694,Rapid City,44.0805,-103.231,57.99,44,40,6.91,US,2021-04-25 19:42:59
695,Dese,11.1333,39.6333,55.83,83,100,2.28,ET,2021-04-25 19:44:16
696,Agadir,30.4202,-9.5982,66.2,72,40,12.66,MA,2021-04-25 19:42:51
697,Road Town,18.4167,-64.6167,84.2,58,40,9.22,VG,2021-04-25 19:44:16
698,Varhaug,58.6147,5.6457,41.0,75,8,4.0,NO,2021-04-25 19:41:15
699,Chifeng,42.2683,118.9636,49.95,31,100,6.53,CN,2021-04-25 19:44:17
700,Sorland,67.667,12.6934,37.4,70,75,8.05,NO,2021-04-25 19:40:11
701,Binga,-17.6203,27.3414,73.69,58,92,1.34,ZW,2021-04-25 19:44:17
702,Zile,40.3031,35.8864,44.6,81,75,6.91,TR,2021-04-25 19:44:18
703,Lufkin,31.3382,-94.7291,81.0,47,1,4.61,US,2021-04-25 19:44:19
704,Grand Gaube,-20.0064,57.6608,78.01,82,100,8.99,MU,2021-04-25 19:44:19
705,Kysyl-Syr,63.8986,122.7617,32.92,99,100,3.87,RU,2021-04-25 19:44:20
706,Jalu,29.0331,21.5482,67.06,58,0,16.37,LY,2021-04-25 19:44:20
707,Altay,47.8667,88.1167,29.26,35,3,8.61,CN,2021-04-25 19:44:21
708,Antofagasta,-23.65,-70.4,70.0,55,0,11.5,CL,2021-04-25 19:42:20
709,Coolum Beach,-26.5333,153.1,61.0,96,34,1.01,AU,2021-04-25 19:41:10
710,Sonkovo,57.7782,37.1571,33.48,84,100,15.75,RU,2021-04-25 19:44:22
711,Kano,12.0001,8.5167,89.6,33,20,4.5,NG,2021-04-25 19:44:23
